Year,USD_kWh,Li,Ni,Co,Other_Materials
2019,171,13.68,6.84,6.84,29.070000000000004
2020,143,10.01,7.15,4.29,27.17
2021,134,10.72,6.7,4.02,30.82
2022,155,29.45,9.3,6.2,31.0
2023,151,40.77,9.06,4.53,24.16
2024,122,26.84,7.32,2.44,21.96
2025,99,12.87,5.94,1.98,20.79
2026,87,11.31,6.09,1.74,23.490000000000002
2027,82,12.3,5.74,1.64,25.419999999999998
2028,77,12.32,6.16,1.54,25.41
2029,75,12.75,6.0,1.5,26.25
2030,69,12.42,5.52,1.38,26.22
